Name,Term,ES,NES,NOM p-val,FDR q-val,FWER p-val,Tag %,Gene %,Lead_genes
prerank,G2-M Checkpoint,0.42919615772499337,3.020057472809918,1.000000e-03,1.000000e-03,1.000000e-03,107/192,19.31%,CENPE;HMMR;PTTG1;KIF20B;TTK;PBK;TOP1;TOP2A;NUSAP1;MARCKS;CBX1;NEK2;AURKA;SMC4;MEIS1;SMC2;BUB1;KIF11;CKS1B;POLQ;KIF4A;CKS2;KIF15;CENPA;AMD1;STMN1;RASAL2;CDK1;TPX2;PDS5B;CENPF;YTHDC1;NDC80;PLK4;HMGB3;RAD23B;SQLE;CDC27;MAD2L1;CCNB2;SRSF1;KMT5A;HMGN2;CUL3;RACGAP1;HSPA8;SS18;CTCF;KIF5B;ARID4A;KIF2C;PURA;HNRNPU;SLC38A1;SMC1A;MTF2;SNRPD1;CCNT1;JPT1;EXO1;KNL1;KPNB1;CDKN1B;NUP50;LBR;KATNA1;KIF23;XPO1;HUS1;PRPF4B;STAG1;DBF4;BIRC5;MAP3K20;HNRNPD;NASP;DR1;PAFAH1B1;G3BP1;KPNA2;CASP8AP2;MKI67;CCNA2;RAD21;CDKN3;SYNCRIP;SMARCC1;STIL;EZH2;FOXN3;CUL5;TMPO;BARD1;ORC5;NCL;CDC25A;HIF1A;CHEK1;SLC12A2;PRIM2;LMNB1;RBL1;MNAT1;E2F3;ODF2;BRCA2;ATRX
prerank,E2F Targets,0.3888482826696293,2.7418422218956238,1.000000e-03,1.000000e-03,1.000000e-03,120/196,27.92%,CENPE;ANP32E;DLGAP5;SPC25;HMMR;PTTG1;DEPDC1;DIAPH3;TOP2A;PSIP1;AURKA;SMC4;ASF1A;CBX5;CKS1B;KIF4A;CKS2;PNN;MELK;SMC3;STMN1;CDK1;PDS5B;SMC6;PLK4;HMGB3;DEK;BUB1B;RAD51C;MAD2L1;RPA3;HELLS;CCNB2;NAP1L1;HMGB2;EIF2S1;SRSF1;CCP110;RACGAP1;E2F8;CTCF;KIF2C;BRCA1;SPAG5;CHEK2;UBE2T;SMC1A;JPT1;ORC2;CDCA8;IPO7;CDKN1B;LBR;NUP107;XPO1;BRMS1L;RFC1;HUS1;MMS22L;GINS1;STAG1;BIRC5;HNRNPD;NASP;KPNA2;MKI67;RAD21;EXOSC8;CDKN3;SYNCRIP;ATAD2;NUDT21;EZH2;AK2;ZW10;TMPO;BARD1;PRPS1;PMS2;RAD1;RAD51AP1;CIT;CDC25A;PHF5A;CHEK1;LYAR;PRIM2;LMNB1;XRCC6;USP1;NCAPD2;CSE1L;MRE11;POLD3;RBBP7;BRCA2;CNOT9;DSCC1;MSH2;WEE1;RRM2;PPP1R8;GINS4;SPC24;EED;ING3;GSPT1;RFC3;NUP205;TFRC;RANBP1;PSMC3IP;DCK;DONSON;CDCA3;NBN;TIPIN;PPM1D;RPA2;NUP153
prerank,Protein Secretion,0.41179870143403874,2.47826790333452,1.000000e-03,1.000000e-03,1.000000e-03,55/91,28.19%,ANP32E;ATP7A;ARFIP1;LAMP2;CLCN3;USO1;COPB2;TMED2;VPS4B;M6PR;CLTC;STX16;VPS45;ARCN1;RAB2A;RAB22A;SNAP23;DOP1A;AP1G1;DNM1L;AP3B1;TMX1;AP2B1;CTSC;SEC22B;RAB9A;GOLGA4;TMED10;VAMP4;ZW10;LMAN1;SOD1;STX7;ADAM10;RPS6KA3;YIPF6;NAPG;CD63;RAB5A;BET1;TPD52;SNX2;SCAMP1;GLA;COPB1;AP3S1;RAB14;SEC24D;VAMP7;MON2;ARFGEF1;CAV2;SEC31A;ARFGEF2;STAM
prerank,Myc Targets V2,-0.42321461181227893,-2.2402025376581083,1.000000e-03,1.000000e-03,1.000000e-03,37/57,28.25%,DUSP2;MAP3K6;SRM;SLC19A1;PPAN;MYC;MYBBP1A;RRP12;EXOSC5;DCTPP1;MCM5;GRWD1;RRP9;NOP16;PPRC1;UNG;MRTO4;WDR74;PUS1;NOC4L;NOP56;MCM4;IMP4;FARSA;BYSL;TBRG4;PES1;RABEPK;TCOF1;AIMP2;SORD;HK2;NOLC1;LAS1L;RCL1;CDK4;IPO4
prerank,mTORC1 Signaling,0.3091822579707499,2.198230555297872,1.000000e-03,1.000000e-03,1.000000e-03,90/192,23.11%,FGL2;BTG2;IDH1;ACTR2;ATP6V1D;HMGCS1;STARD4;IDI1;SC5D;AURKA;PSMA4;PSPH;PIK3R3;CYP51A1;DAPP1;SYTL2;DDIT4;BUB1;UCHL5;ADD3;ELOVL6;RAB1A;HMGCR;PRDX1;TBK1;NAMPT;EIF2S2;CACYBP;CCT6A;SQLE;HSPD1;INSIG1;HSPA4;CCNG1;USO1;HSP90B1;PSMC2;SKAP2;EDEM1;PSMD12;ELOVL5;GSK3B;TCEA1;M6PR;PSMA3;RDH11;CANX;SCD;CYB5B;PSMD14;ACTR3;POLR3G;ETF1;HSPA9;STIP1;PSMC6;ACSL3;GLRX;CTSC;IFRD1;SSR1;UFM1;COPS5;UBE2D3;ADIPOR2;GMPS;PGK1;SLC7A11;CDC25A;CALR;HPRT1;TES;PITPNB;LTA4H;FADS1;PPA1;PSAT1;TXNRD1;GLA;RRM2;DHFR;BCAT1;RIT1;SERP1;VLDLR;XBP1;GCLC;PDAP1;NUP205;SLC2A3
prerank,Spermatogenesis,0.38766397646846784,2.180252703979888,1.000000e-03,1.000000e-03,1.000000e-03,37/71,23.78%,TTK;NEK2;AURKA;HSPA4L;BUB1;CDK1;CCNB2;VDAC3;KIF2C;ZC3H14;SIRT1;CLGN;CSNK2A2;RFC4;STRBP;DBF4;GMCL1;CDKN3;RPL39L;LPIN1;EZH2;BRAF;COIL;PRKAR2A;TOPBP1;SLC12A2;RAD17;STAM2;AGFG1;IFT88;TSN;PIAS2;ZC2HC1C;PARP2;IDE;MAP7;NCAPH
prerank,Myogenesis,-0.3424027527844995,-2.169785188069124,1.000000e-03,1.000000e-03,1.000000e-03,61/115,31.75%,GAA;MYLK;DMPK;PC;LSP1;MAPK12;ITGB4;CFD;TGFB1;TSC2;CRAT;ENO3;BIN1;AGRN;ITGB5;NOTCH1;KCNH2;VIPR1;TEAD4;PLXNB2;MYO1C;SYNGR2;SH2B1;AKT2;FHL1;OCEL1;ATP6AP1;HDAC5;SLC6A8;LARGE1;SIRT2;IGFBP7;MYH9;ITGA7;PSEN2;FOXO4;KIFC3;ATP2A1;BAG1;MYH3;SPTAN1;PICK1;ADCY9;MYL6B;MAPRE3;SORBS3;NCAM1;FLII;AEBP1;CHRNB1;SMTN;PDLIM7;GSN;DTNA;SVIL;PTP4A3;ABLIM1;MYH2;PPFIA4;MYH8;TAGLN
prerank,Androgen Response,0.351390435091097,2.131531083454647,1.000000e-03,1.000000e-03,1.000000e-03,55/92,33.15%,HMGCS1;IDI1;ELK4;HMGCR;MAF;INPP4B;LIFR;B2M;INSIG1;TMEM50A;SMS;ELOVL5;APPBP2;SCD;SRP19;IQGAP2;ACSL3;GUCY1A1;NGLY1;SLC26A2;DBI;SLC38A2;LMAN1;RPS6KA3;MYL12A;CENPN;GNAI3;FKBP5;XRCC6;FADS1;TPD52;PDLIM5;HERC3;XRCC5;SPCS3;STK39;SAT1;SEC24D;NCOA4;MAP7;ITGAV;TNFAIP8;GPD1L;CDK6;VAPA;RAB4A;MERTK;TSC22D1;PGM3;ALDH1A3;ZBTB10;PIAS1;DNAJB9;ARID5B;GSR
prerank,TNF-alpha Signaling via NF-kB,-0.32146138885967435,-2.13030371154627,1.000000e-03,1.000000e-03,1.000000e-03,68/157,23.14%,FOS;FOSB;KLF2;DUSP1;DUSP2;LAMB3;EGR1;KLF4;JUN;TRIB1;ZC3H12A;MYC;FJX1;CEBPB;NFKBIA;RELB;BCL3;CD44;KDM6B;DENND5A;PER1;IRS2;EHD1;ETS2;ATF3;FOSL2;NFKB2;IER2;NINJ1;IRF1;TNIP1;STAT5A;CFLAR;YRDC;SLC2A6;CCNL1;CCL4;DUSP5;PPP1R15A;KLF10;TAP1;TNFAIP3;EIF1;RNF19B;IL15RA;KLF6;TNIP2;CSF2;VEGFA;SQSTM1;IL23A;RHOB;NFIL3;CCL5;CCND1;B4GALT1;IFNGR2;PTGER4;SPSB1;NR4A2;MCL1;RELA;MAP2K3;PLEK;NFKBIE;TRAF1;JUNB;SIK1
prerank,Myc Targets V1,0.2963781611331484,2.091343905097965,1.000000e-03,1.000000e-03,3.000000e-03,90/196,22.76%,SSB;HNRNPA3;SNRPB2;PSMA4;EIF4E;HNRNPR;HNRNPA2B1;CBX3;TARDBP;EIF2S2;VBP1;SNRPG;CCT5;DEK;SET;RAD23B;RSL1D1;PSMA6;MAD2L1;HSPD1;SRPK1;NAP1L1;ERH;EIF2S1;SRSF1;TCP1;HNRNPC;HNRNPA1;VDAC3;PSMD7;EIF3J;NCBP2;HNRNPU;HSP90AB1;SNRPD1;CCT4;KPNB1;ORC2;CANX;PSMD14;SSBP1;SNRPA1;YWHAE;HDGF;XPO1;RFC4;DDX18;HNRNPD;ETF1;PSMC6;NPM1;G3BP1;KPNA2;IFRD1;CCNA2;PHB;SYNCRIP;SMARCC1;SRSF3;COPS5;PTGES3;SERBP1;PSMD1;PGK1;XPOT;CCT2;GLO1;HPRT1;TOMM70;RRM1;UBE2E1;XRCC6;UBE2L3;USP1;HDAC2;NHP2;DDX21;EIF1AX;NCBP1;ABCE1;DHX15;RPL14;POLE3;SNRPD3;AP3S1;UBA2;STARD7;YWHAQ;GSPT1;PRDX3
prerank,Mitotic Spindle,0.2987196980453846,2.0825211468041016,1.000000e-03,1.000000e-03,3.000000e-03,89/189,22.52%,CENPE;FGD4;DLGAP5;KIF20B;TTK;TOP2A;CDC42BPA;NUSAP1;MARCKS;NEK2;AURKA;SMC4;BUB1;ARHGEF3;ROCK1;KIF11;SASS6;ANLN;TLK1;KIF4A;ECT2;CEP57;EPB41L2;PPP4R2;KIF15;SMC3;RASAL2;CDK1;TPX2;CENPF;NDC80;CDC27;RASA1;PALLD;CCNB2;ITSN1;CD2AP;ARHGAP5;CNTRL;RACGAP1;AKAP13;STK38L;KIF3B;CKAP5;KIF5B;KIF2C;ARHGEF12;RAPGEF6;SSH2;DYNLL2;CENPJ;SMC1A;ABI1;CCDC88A;CEP192;TUBD1;NIN;DOCK4;KATNA1;YWHAE;RASA2;KIF23;CLIP1;RFC1;APC;BIRC5;PAFAH1B1;CDK5RAP2;EPB41;RAB3GAP1;DLG1;MAPRE1;WASF1;MID1;LMNB1;RABGAP1;RANBP9;PDLIM5;PIF1;KIFAP3;BRCA2;PCGF5;LATS1;ALS2;SOS1;STAU1;HOOK3;NF1;ARF6
prerank,p53 Pathway,-0.3012353082491094,-2.013540225885453,1.000000e-03,2.377367e-03,8.000000e-03,78/169,24.69%,FOS;TXNIP;PIDD1;KLF4;JUN;TRAF4;ITGB4;LDHB;TGFB1;RGS16;COQ8A;RPL18;STEAP3;RXRA;RPL36;IRAK1;NOTCH1;RHBDF2;WRAP73;PLXNB2;RPS12;RAB40C;JAG2;ST14;ABCC5;DCXR;RALGDS;UPP1;SLC3A2;PLK3;ATF3;CTSD;HRAS;DEF6;TP53;SEC61A1;NINJ1;AEN;TRIB3;RACK1;VDR;STOM;ABAT;HDAC3;PPP1R15A;TAP1;RAD9A;RNF19B;MXD4;SFN;PMM1;RETSAT;CCND3;ZFP36L1;SOCS1;ADA;DDB2;EPHX1;NDRG1;MAPKAPK3;MKNK2;BLCAP;HMOX1;PVT1;PERP;POM121;BAX;EPS8L2;ACVR1B;FDXR;SDC1;CYFIP2;TCN2;DGKA;FOXO3;PCNA;HINT1;PRKAB1
prerank,Estrogen Response Early,-0.2973951364584269,-1.964765406875459,1.000000e-03,3.090578e-03,1.300000e-02,80/156,30.16%,FOS;IGFBP4;SLC37A1;KLF4;ASB13;RHOD;DHRS3;WFS1;FASN;MYC;MYBBP1A;SLC9A3R1;CELSR2;SLC7A5;RRP12;CD44;PPIF;LRIG1;NADSYN1;NCOR2;ELF3;MED24;SLC2A1;RARA;NXT1;OVOL2;KDM4B;CANT1;AQP3;AMFR;SYBU;ITPK1;AKAP1;ABAT;PDLIM3;SLC1A4;KLF10;ALDH3B1;MYB;SFN;ABCA3;SYNGR1;ABHD2;TPBG;FAM102A;IGF1R;CCND1;PODXL;BLVRB;B4GALT1;PAPSS2;TJP3;TSKU;ADCY1;BAG1;SCARB1;UNC119;ADCY9;KAZN;SLC27A2;FHL2;DLC1;MINDY1;SLC22A5;SH3BP5;RAPGEFL1;TBC1D30;SLC7A2;CISH;BCL2;GFRA1;RETREG1;HES1;SVIL;ABLIM1;FLNB;SIAH2;TGIF2;CBFA2T3;DHCR7
prerank,Coagulation,-0.34938566578860336,-1.9615332702245498,1.000000e-03,2.575481e-03,1.300000e-02,45/73,38.61%,SH2B2;TIMP1;CFD;F12;GNB2;FURIN;MST1;BMP1;LGMN;PDGFB;CAPN2;CTSH;SIRT2;C1R;FYN;PEF1;CSRP1;LEFTY2;WDR1;MSRB2;GP1BA;S100A13;PLEK;MASP2;ANXA1;S100A1;PECAM1;THBS1;MMP11;CTSO;GSN;RAPGEF3;MAFF;DUSP6;LRP1;CASP9;MMP15;SPARC;ISCU;F8;PREP;C2;PROC;RABIF;C1S
prerank,Apical Junction,-0.29113243209586565,-1.873433328393595,1.000000e-03,4.245299e-03,2.500000e-02,58/131,24.26%,MAPK11;NLGN2;AMH;LAMB3;NRTN;THBS3;CERCAM;ITGA3;PKD1;TSPAN4;ITGB4;JUP;CRAT;GAMT;GRB7;KCNH2;TMEM8B;ADAM15;BMP1;SDC3;HRAS;AKT2;ACTG1;TAOK2;PLCG1;VAV2;MAPK13;TUBG1;SYMPK;SRC;JAM3;PFN1;IRS1;ZYX;LDLRAP1;RAC2;INPPL1;ACTB;RHOF;VCL;SLIT2;ACTN4;TJP1;MYH9;B4GALT1;SYK;SHC1;CLDN15;SIRPA;TSC1;YWHAH;PCDH1;TRAF1;CNN2;SORBS3;CD276;COL16A1;PECAM1
prerank,Estrogen Response Late,-0.2821741531380569,-1.7935403832480807,1.934236e-03,6.092004e-03,4.000000e-02,68/141,27.63%,FOS;IGFBP4;DUSP2;FGFR3;KLF4;LSR;ISG20;WFS1;XRCC3;SLC2A8;LLGL2;HOMER2;IMPA2;SLC9A3R1;CELSR2;SLC7A5;CD44;PPIF;ST14;NCOR2;DCXR;NXT1;OVOL2;SLC29A1;MAPK13;AMFR;ITPK1;LARGE1;PDLIM3;TST;SLC1A4;ALDH3B1;TSTA3;MYB;SFN;IDH2;ABCA3;EMP2;ABHD2;PTPN6;TPBG;FAM102A;CCND1;BLVRB;PAPSS2;PERP;TJP3;BAG1;JAK1;SCARB1;GINS2;SLC27A2;DLG5;PKP3;CHST8;ASS1;DNAJC1;SLC22A5;CDC20;ZFP36;RAPGEFL1;UNC13B;SORD;CISH;ID2;PLXNB1;BCL2;METTL3
prerank,UV Response Up,-0.27869060557749886,-1.7927498427258237,1.000000e-03,5.415115e-03,4.000000e-02,53/134,21.82%,FOS;FOSB;CDKN1C;WIZ;HTR7;APOM;DGAT1;CLCN2;NFKBIA;HLA-F;FURIN;KCNH2;PPIF;SIGMAR1;BSG;STK25;MSX1;ATF3;MGAT1;IRF1;PRKCD;TGFBRAP1;AQP3;GRINA;SLC6A8;SULT1A1;SLC25A4;ARRB2;CLTB;PDLIM3;TST;TAP1;MRPL23;TUBA4A;SPR;CNP;CCND3;SELENOW;ATP6V1F;HYAL2;EPHX1;SQSTM1;STARD3;RHOB;HMOX1;FEN1;KLHDC3;POLR2H;CDC34;LHX2;ALDOA;BID;TYRO3
prerank,KRAS Signaling Dn,-0.3036275718444085,-1.7346671153074973,3.795066e-03,1.010381e-02,8.100000e-02,30/74,23.39%,FGFR3;LFNG;HSD11B2;PDK2;COQ8A;GAMT;CELSR2;SLC29A3;SPTBN2;CAMK1D;GPR3;CCDC106;MAST3;KMT2D;C5;CLSTN3;SIDT1;WNT16;SLC25A23;GTF3C5;MX1;NR4A2;DLK2;CHST2;GP1BA;ITGB1BP2;KCND1;SPHK2;PDCD1;MAGIX
prerank,Wnt-beta Catenin Signaling,-0.35809372932495326,-1.6900034853143877,2.605210e-02,1.394002e-02,1.200000e-01,23/38,31.25%,MYC;WNT5B;NOTCH1;KAT2A;FZD1;JAG2;NCOR2;HEY1;TP53;HDAC5;AXIN1;NCSTN;MAML1;PSEN2;FZD8;TCF7;CSNK1E;DVL2;AXIN2;PPARD;NKD1;CTNNB1;DKK1
prerank,Hedgehog Signaling,-0.40647217102257394,-1.688633152978772,1.577909e-02,1.297646e-02,1.220000e-01,14/24,29.32%,TLE1;ETS2;HEY1;LDB1;ADGRG1;TLE3;AMOT;VEGFA;MYH9;NRP2;SLIT1;PML;RTN1;CRMP1
prerank,Hypoxia,-0.24792831222895081,-1.6452254342480768,3.703704e-03,1.664157e-02,1.600000e-01,68/157,29.73%,FOS;DUSP1;GAA;GPC1;JUN;PIM1;CDKN1C;ISG20;PFKL;ENO3;COL5A1;B3GALT6;GALK1;SDC3;ILVBL;IRS2;PDGFB;AK4;CITED2;ATF3;SLC2A1;FOSL2;ENO1;GPI;LARGE1;HEXA;PPP1R15A;SLC37A4;TNFAIP3;ALDOC;GYS1;KLF6;NDRG1;VEGFA;KIF5A;TPBG;ANKZF1;SLC25A1;TPST2;HMOX1;NFIL3;GRHPR;MYH9;HSPA5;CHST2;PDK1;SCARB1;ALDOA;GAPDH;MIF;MT2A;FOXO3;PAM;TPI1;BCAN;ADM;ZFP36;SDC4;HK2;IDS;NDST1;BCL2;SLC2A5;MAFF;DTNA;TMEM45A;HDLBP;SIAH2
prerank,Glycolysis,-0.23852034087103752,-1.6002710404829146,7.766990e-03,2.190574e-02,2.270000e-01,63/165,22.49%,CHPF;GPC1;CHST12;SLC25A10;BIK;ISG20;PC;MET;B3GAT3;B4GALT2;COL5A1;QSOX1;AGRN;B4GALT7;PGLS;B3GALT6;GALK1;CD44;SDC3;IRS2;ELF3;MED24;CHPF2;SRD5A3;AK4;CITED2;ABCB6;PKP2;LHPP;ENO1;RBCK1;PHKA2;MPI;SLC37A4;MDH2;TSTA3;EXT2;ALG1;GUSB;GYS1;GMPPB;PYGB;CLN6;VEGFA;PGAM1;PSMC4;TPBG;ANKZF1;PLOD1;XYLT2;AKR1A1;TALDO1;B4GALT1;SLC16A3;PKM;HSPA5;CHST2;POLR3K;G6PD;ALDOA;SDC1;GMPPA;MIF
prerank,Angiogenesis,-0.43784306929205363,-1.5993660582979174,3.285421e-02,2.068310e-02,2.300000e-01,7/17,15.81%,TIMP1;JAG2;LRPAP1;MSX1;VAV2;VEGFA;FGFR1
prerank,DNA Repair,-0.2372527472777285,-1.557038287463202,9.259259e-03,2.570529e-02,2.860000e-01,55/145,22.80%,APRT;POLR2I;CCNO;TAF1C;SAC3D1;NME3;POLE4;VPS37B;VPS28;POLD1;NT5C;SNAPC4;TARBP2;NME1;NELFB;POLR2E;SURF1;GUK1;ADRM1;TP53;MPG;SEC61A1;LIG1;NME4;CANT1;NELFCD;POLR2A;ADCY6;GPX4;POLR3C;SRSF6;ADA;DDB2;POLA2;ERCC3;AAAS;POLL;ZNRD1;ELL;POLR1C;POLR2C;EDF1;SUPT5H;ERCC2;FEN1;IMPDH2;GTF3C5;ZNF707;POLR2H;SSRP1;POM121;DGCR8;ITPA;DDB1;PNP
prerank,Epithelial Mesenchymal Transition,-0.24559847357739212,-1.5525032011801962,1.162791e-02,2.482251e-02,2.920000e-01,42/113,26.94%,IGFBP4;GPC1;PDGFRB;DPYSL3;JUN;TIMP1;EFEMP2;CAPG;MYLK;TGFB1;COL5A1;QSOX1;ITGB5;FLNA;CD44;BMP1;APLP1;COLGALT1;MCM7;MSX1;SLC6A8;TNFAIP3;MAGEE1;DST;VEGFA;ANPEP;PLOD1;EMP3;SLIT2;RHOB;PLOD3;FZD8;LAMC1;SDC1;COL16A1;P3H1;THBS1;DAB2;SDC4;ID2;PVR;LOXL2
prerank,IL-2/STAT5 Signaling,-0.22351457865495183,-1.5022579077285798,2.053388e-03,3.539636e-02,4.010000e-01,66/157,28.70%,PIM1;CDKN1C;DHRS3;CAPG;MYC;ENO3;RGS16;RNH1;PLEC;AHCY;FURIN;SLC1A5;CD44;MYO1C;APLP1;DENND5A;SYNGR2;LRIG1;IL10RA;PUS1;AHNAK;TNFRSF1B;GPX4;IL4R;IRF4;RHOH;SYT11;CCND3;KLF6;SOCS1;CSF2;NDRG1;CYFIP1;RHOB;MAPKAPK2;IGF1R;NFIL3;CKAP4;PLAGL1;PRAF2;GLIPR2;ODC1;PDCD2L;CD79B;ETV4;TRAF1;IL18R1;PNP;S100A1;DCPS;SOCS2;HUWE1;IRF6;IGF2R;CISH;SPRED2;HK2;ABCB1;SH3BGRL2;BATF3;BCL2;AMACR;NFKBIZ;BMPR2;MAFF;UCK2
prerank,Xenobiotic Metabolism,-0.22941236776801305,-1.4579720111181322,2.597403e-02,4.748479e-02,5.010000e-01,53/127,31.61%,IGFBP4;HES6;PEMT;SLC12A4;TKFC;PC;JUP;PYCR1;COMT;LCAT;AHCY;SLC1A5;ECH1;DCXR;ETS2;UPP1;CYP26A1;LONP1;NINJ1;ASL;ACP2;POR;SPINT2;SLC35B1;PINK1;PMM1;RETSAT;MPP2;EPHX1;ACO2;ATP2A2;HMOX1;CYP2J2;BLVRB;PAPSS2;ACOX3;CSAD;NMT1;CYFIP2;MT2A;CBR1;VTN;ID2;PPARD;HACL1;SHMT2;ARG2;DHPS;PSMB10;NDRG2;FAH;MTHFD1;CYB5A
prerank,heme Metabolism,0.2134143283099632,1.4397641559003742,1.939655e-02,7.027560e-02,5.400000e-01,71/156,30.24%,CLIC2;BTG2;TOP1;SDCBP;ADD2;MOSPD1;TNRC6B;RNF19A;DCUN1D1;ABCG2;NUDT4;LAMP2;CDC27;CLCN3;TENT5C;ARHGEF12;NNT;BLVRA;TCEA1;KLF3;HDGF;ARL2BP;YPEL5;BTRC;CIR1;DCAF10;SLC30A1;ATG4A;BMP2K;NR3C1;EPB41;KAT2B;DAAM1;GAPVD1;GMPS;BNIP3L;RIOK3;SLC7A11;ISCA1;RBM5;NEK7;SYNJ1;BPGM;CPOX;XK;USP15;TRAK2;PICALM;CAST;GCLC;GCLM;MBOAT2;NCOA4;TFRC;MGST3;CDR2;CAT;ATP6V0A1;ENDOD1;VEZF1;BACH1;MKRN1;SLC25A37;P4HA2;E2F2;KHNYN;XPO7;FBXO34;TMEM9B;LPIN2;CCDC28A
prerank,Fatty Acid Metabolism,0.22081982205463951,1.4319410518145737,2.032520e-02,6.740594e-02,5.630000e-01,47/128,22.42%,GPD2;CRYZ;HSP90AA1;IDH1;HSPH1;HMGCS1;IDI1;HSDL2;HSD17B4;DLD;SDHC;KMT5A;SMS;HIBCH;BLVRA;ELOVL5;RDH11;ECI2;TDO2;SERINC1;ACOX1;HSD17B11;MGLL;PPARA;DECR1;ACAT2;ACADM;HSD17B7;ADIPOR2;HADHB;SDHD;EHHADH;PDHB;BCKDHB;PRDX6;CPOX;HCCS;SUCLA2;RAP1GDS1;ACSL4;UGDH;OSTC;ALDH3A2;PDHA1;ADSL;METAP1;PTS
prerank,Notch Signaling,-0.3206377873546034,-1.4171330735536398,6.130268e-02,6.032570e-02,6.080000e-01,14/27,30.70%,FZD7;LFNG;NOTCH1;KAT2A;FZD1;HEYL;DTX2;FZD5;CCND1;PSEN2;PPARD;HES1;APH1A;PSENEN
prerank,Oxidative Phosphorylation,0.19893064061417784,1.389372960921163,2.161100e-02,8.395758e-02,6.700000e-01,89/196,31.53%,UQCRB;IDH1;NDUFB3;NDUFA5;CYCS;ATP6V1D;NDUFB5;COX7B;COX7A2;ATP5F1E;HADHA;COX7A2L;DLD;NDUFA1;SDHC;VDAC3;NDUFA4;ATP5PF;MRPL35;DLAT;NDUFS1;NNT;ABCB7;ATP5F1C;COX7C;TIMM17A;MPC1;ACAT1;NDUFB1;OPA1;TOMM22;HSPA9;MRPS30;DECR1;MRPL15;ACADM;UQCRH;HADHB;SDHD;NDUFB4;ATP6V1G1;COX6C;ISCA1;PDHB;COX15;TOMM70;ATP5PB;ATP6V1C1;RHOT1;HCCS;SUCLA2;PDP1;NDUFA6;TIMM9;GLUD1;AIFM1;SDHB;COX17;COX11;PDHA1;NDUFC1;SLC25A20;IDH3A;FDX1;PRDX3;NDUFA2;MGST3;MRPS11;ETFDH;MRPS22;NDUFS4;CS;CASP7;OAT;ATP6V1E1;SUPV3L1;ATP5MG;VDAC1;ACAA2;PDHX;VDAC2;NDUFB6;TIMM8B;GRPEL1;BDH2;ALDH6A1;FH;ATP5PD;MTX2
prerank,UV Response Dn,0.21345576030966712,1.373740531072801,4.892368e-02,8.569004e-02,7.060000e-01,49/122,28.80%,SDC2;GJA1;CDC42BPA;PIK3R3;GCNT1;ADD3;INPP4B;MIOS;AKT3;YTHDC1;INSIG1;CAV1;PTEN;CELF2;MRPS31;CDKN1B;RASA2;AMPH;MGLL;ATP2B1;NR3C1;DLG1;NIPBL;PHF3;PRKCE;ATP2C1;BCKDHB;NEK7;SPOP;PRKAR2B;PDLIM5;ATRX;CDON;PRDM2;AGGF1;VLDLR;MAGI2;TOGARAM1;DYRK1A;ATP2B4;ADGRL2;ID1;NFKB1;NR1D2;PRKCA;CAP2;LDLR;MAPK14;RND3
prerank,Pperoxisome,0.22153784294336115,1.329575624299904,7.566462e-02,1.084375e-01,8.130000e-01,37/87,24.86%,IDH1;TOP2A;IDI1;CADM1;PRDX1;HSD17B4;SCP2;VPS4B;PEX13;ELOVL5;RDH11;ECI2;SLC25A17;ACOX1;HSD17B11;LONP2;FDPS;SMARCC1;SOD2;SOD1;EHHADH;SIAH1;PRDX5;FADS1;ACSL4;PEX2;MSH2;GNPAT;UGT2B17;BCL10;IDE;ABCD2;ABCD3;PEX11A;CDK7;CAT;ITGB1BP1
prerank,Adipogenesis,-0.19421666385057235,-1.3149695980443379,5.642023e-02,1.140004e-01,8.320000e-01,57/163,21.63%,PEMT;SLC25A10;MYLK;PIM3;SLC19A1;PFKL;DGAT1;CRAT;CYC1;SLC5A6;SLC27A1;SLC1A5;IDH3G;CD151;CHCHD10;ABCB8;ECH1;ACADS;MIGA2;PREB;STAT5A;POR;ARAF;STOM;ESYT1;SULT1A1;LIPE;ESRRA;UCP2;ADCY6;GPX4;TST;MDH2;PEX14;BAZ2A;RETSAT;SQOR;TKT;ATP5PO;EPHX2;ECHS1;ACO2;SLC25A1;GPAT4;VEGFB;UCK1;TALDO1;JAGN1;COX8A;ITGA7;UQCRC1;DHRS7B;NMT1;SCARB1;COQ9;ALDOA;UQCR11
prerank,PI3K/AKT/mTOR  Signaling,0.2126474225847557,1.2993226655362082,9.756098e-02,1.216528e-01,8.630000e-01,30/93,16.59%,PRKCB;ACTR2;PIK3R3;DAPP1;EIF4E;ITPR2;RALB;TBK1;CDK1;PIKFYVE;UBE2N;PPP2R1B;HSP90B1;PTPN11;PTEN;MAP3K7;GSK3B;CLTC;CDKN1B;ACTR3;IRAK4;PLCB1;UBE2D3;PRKAR2A;CALR;RPS6KA3;MAPK10;CAB39;SMAD2;ARPC3
prerank,Allograft Rejection,-0.19339897085954944,-1.246522720230672,1.208577e-01,1.706301e-01,9.450000e-01,39/127,18.07%,IL27RA;TIMP1;HLA-DMA;IRF7;CAPG;TGFB1;HLA-DRA;RPS19;FLNA;HLA-A;BCL3;IL11;CXCR3;CD74;NME1;IL12A;IKBKB;CSK;RPS9;CCL4;NCF4;EIF3D;IL12RB1;IL4R;TAP1;AKT1;IRF4;IL2RG;ITGAL;CCND3;SOCS1;ELF4;HLA-E;TRAF2;PTPN6;HLA-DMB;TAPBP;CCL5;IFNGR2
prerank,Unfolded Protein Response,0.19480786931494284,1.229268581440049,1.387164e-01,1.741520e-01,9.470000e-01,49/107,30.38%,DCP2;DDIT4;EIF4E;CKS1B;YWHAZ;EIF2S1;HSP90B1;EDEM1;KIF5B;MTREX;NABP1;DDX10;CNOT4;TTC37;HSPA9;NPM1;SSR1;DCP1A;XPOT;CNOT2;NFYB;CALR;SLC30A5;TSPYL2;ATF6;CNOT6;PAIP1;NHP2;PSAT1;EXOSC9;LSM1;SPCS3;SERP1;SPCS1;XBP1;SDAD1;CEBPG;DNAJC3;DNAJA4;SEC11A;SEC31A;EIF4A2;EXOC2;EXOSC1;ERO1A;NFYA;FKBP14;HERPUD1;DKC1
prerank,Cholesterol Homeostasis,-0.21846221882851777,-1.1891969801107232,1.806331e-01,2.291059e-01,9.770000e-01,33/66,34.94%,ABCA2;FASN;PCYT2;ETHE1;LGMN;ECH1;ATF5;CXCL16;ATF3;ACTG1;TM7SF2;TRIB3;GLDC;GUSB;ALDOC;S100A11;NFIL3;EBP;MAL2;LSS;STX5;PMVK;FADS2;GSTM2;FBXO6;ACSS2;DHCR7;CTNNB1;ANTXR2;MVD;CBS;TNFRSF12A;SREBF2
prerank,KRAS Signaling Up,0.18166771091568829,1.1833159181487918,1.635220e-01,2.118430e-01,9.780000e-01,59/127,35.25%,PCP4;CXCL10;CCND2;EMP1;CDADC1;BIRC3;LY96;NAP1L2;CCSER2;TOR1AIP2;CBR4;STRN;ETV5;LCP1;ST6GAL1;NIN;BTBD3;GALNT3;GLRX;IKZF1;ZNF277;GUCY1A1;PRELID3B;FGF9;ADAM17;MAP3K1;CBL;USP12;ETV1;EVI5;ETS1;AVL9;BPGM;VWA5A;AMMECR1;CTSS;ZNF639;IGFBP3;PTCD2;MMD;MAP7;PTBP2;RABGAP1L;SDCCAG8;ERO1A;PDCD1LG2;CROT;MYCN;TPH1;SCG5;ALDH1A3;HBEGF;TSPAN13;FUCA1;FCER1G;DCBLD2;ITGA2;CXCR4;CAB39L
prerank,Apoptosis,0.1790380689959696,1.166496389342885,2.050209e-01,2.192774e-01,9.840000e-01,42/128,21.93%,BTG2;CCND2;FAS;EMP1;TOP2A;DNAJA1;CASP1;SC5D;PDCD4;RNASEL;ROCK1;BIRC3;IFNGR1;CD38;CAV1;HMGB2;BRCA1;CDKN1B;PEA15;PPP3R1;CASP8;CASP4;SLC20A1;F2R;ETF1;DNM1L;CASP6;PAK1;XIAP;SOD2;BNIP3L;SOD1;CYLD;DPYD;GADD45B;GCH1;CASP3;WEE1;APP;BCL10;SAT1;HGF
prerank,Inflammatory Response,-0.1741214044495039,-1.0996941893768022,2.734531e-01,3.516027e-01,1.000000e+00,36/116,22.56%,TIMP1;IRF7;LY6E;MYC;MET;RGS16;NFKBIA;ADRM1;CD70;RHOG;IRF1;GABBR1;IL10RA;TNFRSF1B;IL4R;RAF1;IL15RA;KLF6;FZD5;TPBG;EMP3;ATP2A2;GPR132;TAPBP;SLC7A1;CCL5;IFNGR2;PTGER4;NOD2;CHST2;GP1BA;RELA;ACVR1B;KCNA3;ADGRE1;IL18R1
prerank,Interferon Gamma Response,0.16047089817050605,1.0975194626054323,2.664016e-01,2.978495e-01,9.970000e-01,58/163,27.18%,FGL2;STAT4;PDE4B;CXCL10;CD86;FAS;CASP1;PLA2G4A;CD274;NAMPT;EIF2AK2;ST8SIA4;SPPL2A;B2M;PARP14;SLAMF7;CD38;APOL6;SAMHD1;STAT1;RAPGEF6;NCOA3;PSMA3;PTPN2;CASP8;JAK2;CASP4;ST3GAL5;EPSTI1;PNPT1;SOD2;STAT3;ICAM1;DDX58;IFI44;HIF1A;SAMD9L;TRIM25;BPGM;VAMP8;GCH1;CASP3;NMI;DDX60;IFIH1;OAS3;TRIM21;XAF1;NFKB1;STAT2;CASP7;PSME2;LCP2;BST2;PTPN1;ISOC1;SP110;IFIT3
prerank,IL-6/JAK/STAT3 Signaling,-0.1978265943639625,-1.0606864835174414,3.578154e-01,4.103336e-01,1.000000e+00,18/58,18.07%,JUN;PIM1;TGFB1;TYK2;CD44;IRF1;MYD88;CSF2RB;TNFRSF1B;IL12RB1;IL4R;IL2RG;IL15RA;SOCS1;CSF2;HMOX1;IRF9;IFNGR2
prerank,Complement,-0.14060132056818006,-0.9189425519020611,6.130952e-01,7.061239e-01,1.000000e+00,45/136,28.78%,PIM1;TIMP1;IRF7;GNB2;CEBPB;RCE1;LGMN;EHD1;PDGFB;CTSD;ATOX1;CTSH;RHOG;PSMB9;IRF1;PRKCD;TIMP2;SIRT6;DUSP5;SRC;RAF1;PFN1;TNFAIP3;MSRB1;C1R;FYN;BRPF3;CSRP1;CCL5;HSPA5;RNF4;DOCK9;GP1BA;S100A13;PLEK;APOBEC3G;WAS;CASP10;L3MBTL4;PPP4C;CTSO;CD55;DGKH;MAFF;DUSP6
prerank,Apical Surface,-0.20464268666476154,-0.8966336224465539,6.050584e-01,7.288833e-01,1.000000e+00,8/26,22.75%,CROCC;TMEM8B;EPHB4;SULF2;IL2RG;HSPB1;B4GALT1;FLOT2
prerank,Interferon Alpha Response,-0.15104857542700836,-0.88519016949534,6.725490e-01,7.273471e-01,1.000000e+00,27/84,25.79%,TXNIP;HELZ2;GMPR;IRF7;ISG20;LY6E;UBA7;CD74;MVB12A;HLA-C;PSMB9;IRF1;SLC25A28;PARP12;IL4R;OGFR;TAP1;CNP;IRF9;MX1;IFI35;PSME1;ISG15;RNF31;PSMB8;ADAR;TRIM26
prerank,Bile Acid Metabolism,-0.1524756252042826,-0.8707755778840784,6.893788e-01,7.335818e-01,1.000000e+00,25/73,27.77%,ABCA2;SLC22A18;RXRA;ABCD1;SLC29A1;GSTK1;PAOX;LIPE;PEX16;IDH2;RETSAT;ABCA3;EPHX2;SOAT2;ALDH8A1;SLC35B2;FDXR;PEX6;SLC27A2;FADS2;ATXN1;MLYCD;KLF1;AMACR;HACL1
prerank,TGF-beta Signaling,-0.15819760881923214,-0.8172323618904166,7.489796e-01,8.106031e-01,1.000000e+00,21/51,31.92%,CDKN1C;TGFB1;FURIN;NCOR2;SMAD7;SKI;PPP1R15A;KLF10;TJP1;IFNGR2;CDK9;LEFTY2;PPP1CA;JUNB;THBS1;ID2;BMPR2;BMP2;CTNNB1;ENG;SMAD6
prerank,Reactive Oxygen Species Pathway,0.15354998080627882,0.7760502243891301,8.179916e-01,8.787981e-01,1.000000e+00,20/46,33.15%,PRDX1;GLRX2;GLRX;SOD2;OXSR1;SOD1;NDUFB4;PRNP;PRDX6;TXNRD1;NDUFA6;GCLC;GCLM;SELENOS;CAT;LAMTOR5;TXN;GPX3;EGLN2;GSR
